1,"""data scientist"" remote Spain hiring 2025"
2,"""senior data scientist"" remote UK hiring now"
3,"""machine learning engineer"" remote Europe"
4,"""ML engineer"" remote worldwide ""work from anywhere"""
5,"""NLP engineer"" remote Spain OR UK"
6,"""data engineer"" remote Spanish company"
7,"""analytics engineer"" remote Europe Python"
8,"""Python developer"" data remote Spain"
9,"""AI engineer"" remote UK hiring"
10,"""applied scientist"" remote Europe NLP"
11,data scientist Málaga Spain
12,machine learning engineer Andalucía
13,Python developer Málaga hybrid
14,data engineer Spain remote-first company
15,"""data scientist"" Barcelona Madrid remote Spain"
16,site:linkedin.com/jobs ""data scientist"" remote Spain
17,site:lever.co ""machine learning engineer"" remote
18,site:greenhouse.io ""data scientist"" Europe remote
19,site:jobs.ashbyhq.com ""ML engineer"" remote
20,site:weworkremotely.com data scientist Python
21,"""data scientist"" fintech remote Europe"
22,"""ML engineer"" climate tech remote"
23,"""data scientist"" marketing tech SEO remote"
24,"""NLP engineer"" SaaS company remote Europe"
25,"""data scientist"" e-commerce remote UK Spain"
26,"""data scientist"" Python NLP remote Europe hiring"
27,"""machine learning engineer"" GCP BigQuery remote"
28,"""data engineer"" dbt Databricks remote Spain UK"
29,"""full stack data scientist"" Python remote"
30,"""data scientist"" ""time series"" remote Europe"